{"l1": 256, "l2": 64, "l3": 64, "l4": 8, "l5": 128, "l6": 4, "l7": 4, "l8": 512, "l9": 128, "l10": 4, "l11": 4, "l12": 8, "learning_rate": 0.0005842622892922425, "batch_size": 32, "weight_decay": 6.360798795508129e-05, "dropout_prob": 0.057945187438610324}