{"l1": 128, "l2": 2, "l3": 64, "l4": 128, "l5": 8, "l6": 4, "l7": 512, "l8": 128, "l9": 8, "l10": 4, "l11": 32, "l12": 16, "learning_rate": 0.0009866492568381781, "batch_size": 32, "weight_decay": 2.2226768977558645e-05, "dropout_prob": 0.2621430117689294}