{"l1": 32, "l2": 4, "l3": 256, "l4": 512, "l5": 64, "l6": 8, "l7": 4, "l8": 16, "l9": 128, "l10": 16, "l11": 32, "l12": 256, "learning_rate": 0.0028707879778029455, "batch_size": 32, "weight_decay": 2.541580163357078e-05, "dropout_prob": 0.11068364246532325}