{"l1": 64, "l2": 256, "l3": 32, "l4": 16, "l5": 64, "l6": 8, "l7": 128, "l8": 128, "l9": 128, "l10": 16, "l11": 64, "l12": 4, "learning_rate": 7.567174217241543e-05, "batch_size": 32, "weight_decay": 3.5371796731834266e-05, "dropout_prob": 0.08288396539931808}