{"l1": 16, "l2": 256, "l3": 16, "l4": 512, "l5": 16, "l6": 512, "l7": 64, "l8": 512, "l9": 16, "l10": 2, "l11": 512, "l12": 8, "learning_rate": 0.003794803301002701, "batch_size": 128, "weight_decay": 1.380423595724982e-05, "dropout_prob": 0.4319339072639913}