{"l1": 128, "l2": 4, "l3": 256, "l4": 256, "l5": 4, "l6": 4, "l7": 32, "l8": 32, "l9": 128, "l10": 64, "l11": 4, "l12": 16, "learning_rate": 0.0006709773515760012, "batch_size": 64, "weight_decay": 1.8480312444405695e-05, "dropout_prob": 0.006384750980432674}