{"l1": 128, "l2": 32, "l3": 128, "l4": 8, "l5": 4, "l6": 64, "l7": 4, "l8": 8, "l9": 64, "l10": 32, "l11": 256, "l12": 512, "learning_rate": 0.0009399557028142769, "batch_size": 64, "weight_decay": 0.00016210039882567115, "dropout_prob": 0.22056112492232327, "seed": 949}