{"l1": 256, "l2": 128, "l3": 64, "l4": 128, "l5": 256, "l6": 16, "l7": 32, "l8": 32, "l9": 16, "l10": 256, "l11": 128, "learning_rate": 0.0014237798787521865, "batch_size": 32, "weight_decay": 1.4250594668271959e-05, "dropout_prob": 0.006888941078749267}