{"l1": 128, "l2": 512, "l3": 8, "l4": 8, "l5": 8, "l6": 256, "l7": 16, "l8": 16, "l9": 64, "l10": 32, "learning_rate": 5.4811167604539033e-05, "batch_size": 64, "weight_decay": 5.4463680321172556e-05, "dropout_prob": 0.31805177245908045}