{"l1": 512, "l2": 64, "l3": 2, "l4": 32, "l5": 4, "l6": 16, "learning_rate": 0.009700259675530204, "batch_size": 128, "weight_decay": 0.00011641346568900746, "dropout_prob": 0.1061755953077983}