{"l1": 16, "l2": 256, "l3": 4, "l4": 64, "l5": 128, "l6": 512, "l7": 4, "l8": 128, "l9": 512, "l10": 256, "learning_rate": 0.00014195903840104486, "batch_size": 128, "weight_decay": 0.00014058974236234918, "dropout_prob": 0.07206122657316483}