{"l1": 32, "l2": 32, "l3": 128, "l4": 8, "l5": 128, "l6": 16, "l7": 512, "l8": 16, "l9": 128, "l10": 256, "l11": 16, "learning_rate": 0.0001864858571579583, "batch_size": 32, "weight_decay": 1.6728512766025366e-05, "dropout_prob": 0.1933809796361472}