{"l1": 128, "l2": 4, "l3": 16, "l4": 4, "l5": 256, "l6": 64, "l7": 8, "l8": 16, "learning_rate": 0.0036619194207779754, "batch_size": 128, "weight_decay": 5.103447976236287e-05, "dropout_prob": 0.07587287884749683}