{"l1": 8, "l2": 512, "l3": 128, "l4": 16, "l5": 2, "l6": 128, "l7": 2, "l8": 64, "l9": 32, "l10": 128, "learning_rate": 0.0012095774043933954, "batch_size": 128, "weight_decay": 3.136823465924423e-05, "dropout_prob": 0.3140397259589328}