{"l1": 512, "l2": 32, "l3": 512, "l4": 128, "l5": 256, "l6": 8, "learning_rate": 0.00446669941734182, "batch_size": 64, "weight_decay": 1.1139968134560305e-05, "dropout_prob": 0.013116405370492745}