{"l1": 64, "l2": 64, "l3": 4, "l4": 16, "l5": 512, "l6": 256, "l7": 64, "l8": 2, "l9": 8, "l10": 128, "l11": 16, "learning_rate": 0.0007093592169191838, "batch_size": 128, "weight_decay": 1.4463342047869802e-05, "dropout_prob": 0.11203670289847034}