{"l1": 128, "l2": 32, "l3": 256, "l4": 32, "l5": 8, "l6": 256, "l7": 2, "l8": 4, "l9": 128, "l10": 2, "l11": 32, "learning_rate": 0.0029419631011391996, "batch_size": 32, "weight_decay": 4.051805055811686e-05, "dropout_prob": 0.13770163731819507}