{"l1": 256, "l2": 32, "l3": 4, "l4": 128, "l5": 256, "l6": 512, "learning_rate": 0.00022415857161049924, "batch_size": 32, "weight_decay": 0.00034557448566960313, "dropout_prob": 0.037723055154121665}