{"l1": 128, "l2": 4, "l3": 64, "l4": 64, "l5": 8, "l6": 64, "l7": 16, "learning_rate": 0.0007627822422673531, "batch_size": 128, "weight_decay": 1.556830615547193e-05, "dropout_prob": 0.3148699707637935}