{"l1": 512, "l2": 256, "l3": 32, "l4": 256, "l5": 32, "l6": 128, "learning_rate": 0.0069545856672117105, "batch_size": 64, "weight_decay": 2.75119220067325e-05, "dropout_prob": 0.21426975455911834}