{"l1": 64, "l2": 64, "l3": 64, "l4": 256, "l5": 32, "l6": 16, "l7": 512, "l8": 32, "l9": 16, "l10": 64, "learning_rate": 0.0016922271677622736, "batch_size": 128, "weight_decay": 2.2539879200878027e-05, "dropout_prob": 0.34438418440347174}