{"l1": 16, "l2": 128, "l3": 32, "l4": 256, "l5": 256, "l6": 256, "l7": 32, "l8": 512, "l9": 4, "l10": 128, "l11": 32, "learning_rate": 0.0016827341224327826, "batch_size": 128, "weight_decay": 3.114428624118308e-05, "dropout_prob": 0.2034465815477947}