{"l1": 128, "l2": 64, "l3": 32, "l4": 4, "l5": 8, "l6": 128, "l7": 256, "l8": 32, "l9": 16, "l10": 256, "l11": 16, "learning_rate": 0.00010768102671049321, "batch_size": 32, "weight_decay": 3.815075175542897e-05, "dropout_prob": 0.10059424918619242}