{"l1": 128, "l2": 256, "l3": 64, "l4": 128, "l5": 4, "l6": 16, "l7": 4, "l8": 8, "l9": 512, "l10": 128, "l11": 16, "l12": 512, "learning_rate": 0.0006399639659644303, "batch_size": 64, "weight_decay": 1.3271871966067334e-05, "dropout_prob": 0.17096528472466477}