{"l1": 32, "l2": 512, "l3": 64, "l4": 4, "l5": 32, "l6": 8, "learning_rate": 0.005393788285262828, "batch_size": 32, "weight_decay": 0.00011801572197497323, "dropout_prob": 0.02765392556517987}