{"l1": 8, "l2": 64, "l3": 512, "l4": 256, "l5": 256, "l6": 16, "learning_rate": 0.005073603419328241, "batch_size": 128, "weight_decay": 7.409633693918395e-05, "dropout_prob": 0.02118940181618112}