{"l1": 512, "l2": 128, "l3": 32, "l4": 64, "l5": 256, "l6": 64, "learning_rate": 0.0019186526284338823, "batch_size": 128, "weight_decay": 0.00010908190173546662, "dropout_prob": 0.05050950907114793}