{"l1": 128, "l2": 16, "l3": 512, "l4": 128, "l5": 256, "l6": 16, "l7": 32, "l8": 4, "l9": 64, "l10": 512, "l11": 32, "l12": 16, "learning_rate": 0.0003648419468939299, "batch_size": 32, "weight_decay": 1.0727534260060846e-05, "dropout_prob": 0.3484090845413591}