{"l1": 32, "l2": 32, "l3": 16, "l4": 4, "l5": 8, "l6": 128, "l7": 128, "l8": 256, "l9": 128, "l10": 128, "l11": 16, "l12": 512, "learning_rate": 0.00048234488546037077, "batch_size": 64, "weight_decay": 2.4126496450010108e-05, "dropout_prob": 0.09089488918251942}